android.permission.BIND_WALLPAPER {True, False}
com.google.android.providers.gsf.permission.READ_GSERVICES {True, False}
android.permission.FORCE_BACK {True, False}
android.permission.READ_CALENDAR {True, False}
android.permission.READ_FRAME_BUFFER {True, False}
org.gnucash.android.permission.RECORD_TRANSACTION {True, False}
android.permission.DEVICE_POWER {True, False}
com.motorola.dlauncher.permission.INSTALL_SHORTCUT {True, False}
android.permission.READ_SYNC_STATS {True, False}
android.permission.ACCESS_COARSE_UPDATES {True, False}
thinkpanda.permission.CLEAR_MISSED_CALL {True, False}
android.permission.INTERNET {True, False}
android.permission.CHANGE_CONFIGURATION {True, False}
android.permission.CLEAR_APP_USER_DATA {True, False}
com.estrongs.android.pop.PERMISSION {True, False}
com.nilhcem.frcndict.permission.C2D_MESSAGE {True, False}
com.lge.launcher.permission.INSTALL_SHORTCUT {True, False}
android.permission.HARDWARE_TEST {True, False}
org.linphone.permission.C2D_MESSAGE {True, False}
com.android.browser.permission.WRITE_HISTORY_BOOKMARKS {True, False}
android.permission.ADD_SYSTEM_SERVICE {True, False}
com.android.launcher.permission.INSTALL_SHORTCUT {True, False}
org.openintents.ssh.permission.ACCESS_SSH_AGENT {True, False}
android.permission.WRITE_CALL_LOG {True, False}
android.permission.CHANGE_WIFI_MULTICAST_STATE {True, False}
android.permission.ACCESS_GPS {True, False}
info.guardianproject.otr.app.providers.imps.permission.READ_ONLY {True, False}
org.kontalk.permission.C2D_MESSAGE {True, False}
org.projectmaxs.permission.USE_TRANSPORT {True, False}
android.permission.BIND_INPUT_METHOD {True, False}
android.permission.CHANGE_WIMAX_STATE {True, False}
org.mariotaku.twidere.WRITE_DATABASES {True, False}
android.permission.WRITE_SYNC_SETTINGS {True, False}
com.samsungmobileusa.magnacarta.permission.C2D_MESSAGE {True, False}
android.permission.WRITE_USER_DICTIONARY {True, False}
com.sonyericsson.extras.liveview.permission.LIVEVIEW_API {True, False}
org.mozilla.firefox.permissions.FORMHISTORY_PROVIDER {True, False}
org.fdroid.k9.permission.REMOTE_CONTROL {True, False}
android.permission.WRITE_GSERVICES {True, False}
com.software.application.permission.C2D_MESSAGE {True, False}
android.permission.INJECT_EVENTS {True, False}
com.fsck.k9.permission.READ_MESSAGES {True, False}
org.koxx.k9ForPureWidget.permission.DELETE_MESSAGES {True, False}
org.mozilla.firefox_sync.permission.PER_ACCOUNT_TYPE {True, False}
android.permission.STORAGE {True, False}
ru.gelin.android.weather.notification.START_UPDATE_SERVICE {True, False}
android.permission.WRITE_SECURE_SETTINGS {True, False}
org.projectmaxs.permission.WRITE_SMS {True, False}
android.permission.CALL_PRIVILEGED {True, False}
android.permission.READ_OWNER_DATA {True, False}
com.dririan.RingyDingyDingy.HANDLE_INTERNAL_COMMAND {True, False}
android.permission.SYSTEM_ALERT_WINDOW {True, False}
android.permission.ACCESS_LOCATION_EXTRA_COMMANDS {True, False}
de.shandschuh.sparserss.READFEEDS {True, False}
android.permission.DUMP {True, False}
org.eehouse.android.xw4.permission.C2D_MESSAGE {True, False}
com.google.android.providers.gmail.permission.READ_GMAIL {True, False}
android.permission.MODIFY_PHONE_STATE {True, False}
org.fdroid.k9.permission.DELETE_MESSAGES {True, False}
com.kaitenmail.permission.DELETE_MESSAGES {True, False}
org.fdroid.k9.permission.READ_MESSAGES {True, False}
android.permission.READ_PROFILE {True, False}
android.permission.ACCOUNT_MANAGER {True, False}
com.google.android.gm.permission.READ_GMAIL {True, False}
com.google.android.marvin.feedback.permission.TALKBACK {True, False}
android.permission.SET_ANIMATION_SCALE {True, False}
fr.xgouchet.texteditor.permission.TED_INTERNAL {True, False}
android.permission.SET_PROCESS_LIMIT {True, False}
org.servalproject.meshms.SEND_MESHMS {True, False}
android.permission.SET_DEBUG_APP {True, False}
android.permission.INSTALL_DRM {True, False}
android.permission.BLUETOOTH {True, False}
android.permission.ACCESS_WIFI_STATE {True, False}
android.permission.SET_WALLPAPER_HINTS {True, False}
com.kaitenmail.permission.READ_MESSAGES {True, False}
com.sec.android.provider.logsprovider.permission.READ_LOGS {True, False}
org.projectmaxs.permission.USE_FILEREAD {True, False}
android.permission.CONTROL_LOCATION_UPDATES {True, False}
android.permission.GLOBAL_SEARCH_CONTROL {True, False}
org.koxx.k9ForPureWidget.permission.READ_MESSAGES {True, False}
android.permission.REBOOT {True, False}
android.permission.BROADCAST_WAP_PUSH {True, False}
android.permission.ACCESS_NETWORK_STATE {True, False}
android.permission.STATUS_BAR {True, False}
com.google.android.gm.permission.READ_CONTENT_PROVIDER {True, False}
com.android.browser.permission.READ_HISTORY_BOOKMARKS {True, False}
com.htc.launcher.permission.READ_SETTINGS {True, False}
android.permission.CHANGE_WIFI_STATE {True, False}
com.android.vending.CHECK_LICENSE {True, False}
android.permission.MOUNT_FORMAT_FILESYSTEMS {True, False}
org.projectmaxs.permission.USE_MODULE {True, False}
com.dririan.RingyDingyDingy.HANDLE_COMMAND {True, False}
org.fdroid.k9.permission.READ_ATTACHMENT {True, False}
android.permission.WRITE_CONTACTS {True, False}
com.umang.dashnotifier.CP_PERMISSION {True, False}
android.permission.READ_CONTACTS {True, False}
android.permission.BIND_APPWIDGET {True, False}
com.fsck.k9.permission.DELETE_MESSAGES {True, False}
android.permission.ACCESS_LOCATION {True, False}
android.permission.SIGNAL_PERSISTENT_PROCESSES {True, False}
android.permission.INSTALL_LOCATION_PROVIDER {True, False}
com.beem.project.beem.BEEM_SERVICE {True, False}
android.permission.PERMISSION_NAME {True, False}
android.permission.ACCESS_DOWNLOAD_MANAGER_ADVANCED {True, False}
android.permission.WRITE_SETTINGS {True, False}
android.permission.MASTER_CLEAR {True, False}
android.permission.READ_INPUT_STATE {True, False}
org.projectmaxs.permission.READ_CONTACTS {True, False}
com.google.android.apps.iosched.permission.C2D_MESSAGE {True, False}
android.permission.MANAGE_APP_TOKENS {True, False}
com.motorola.launcher.permission.READ_SETTINGS {True, False}
com.android.email.permission.ACCESS_PROVIDER {True, False}
android.permission.WRITE_SECURE {True, False}
com.google.android.marvin.talkback.PERMISSION_SEND_INTENT_BROADCAST_COMMANDS_TO_TALKBACK {True, False}
com.a209689805250bfb0110b9532a.a93269867a.permission.C2D_MESSAGE {True, False}
android.permission.ACCESS_WIMAX_STATE {True, False}
com.android.launcher.permission.WRITE_SETTINGS {True, False}
android.permission.RECORD_AUDIO {True, False}
org.projectmaxs.permission.USE_MAIN_AS_MODULE {True, False}
i4nc4mp.myLock.permission.toggle {True, False}
android.permission.RECORD_VIDEO {True, False}
android.permission.WRITE_APN_SETTINGS {True, False}
android.permission.ACCESS_SURFACE_FLINGER {True, False}
com.dririan.RingyDingyDingy.EXECUTE_COMMAND {True, False}
android.permission.FACTORY_TEST {True, False}
android.permission.READ_SECURE_SETTINGS {True, False}
android.permission.READ_LOGS {True, False}
android.permission.PROCESS_OUTGOING_CALLS {True, False}
android.permission.UPDATE_DEVICE_STATS {True, False}
android.permission.SEND_DOWNLOAD_COMPLETED_INTENTS {True, False}
android.permission.ACCESS_COURSE_LOCATION {True, False}
android.permission.SET_PREFERRED_APPLICATIONS {True, False}
android.permission.WRITE_CALENDAR {True, False}
org.dmfs.permission.READ_TASKS {True, False}
org.mozilla.firefox.permissions.BROWSER_PROVIDER {True, False}
org.projectmaxs.permission.USE_MAIN {True, False}
com.android.vending.BILLING {True, False}
com.android.launcher.permission.READ_SETTINGS {True, False}
android.permission.NFC {True, False}
android.permission.MANAGE_ACCOUNTS {True, False}
android.permission.SEND_SMS {True, False}
com.google.android.providers.talk.permission.READ_ONLY {True, False}
android.permission.ACCESS_MOCK_LOCATION {True, False}
android.permission.BIND_ACCESSIBILITY_SERVICE {True, False}
android.permission.SET_TIME_ZONE {True, False}
com.google.android.apps.dashclock.permission.READ_EXTENSION_DATA {True, False}
org.dmfs.permission.WRITE_TASKS {True, False}
android.permission.WRITE_SMS {True, False}
org.tint.permissions.services.ADDONS {True, False}
android.permission.GET_TASKS {True, False}
android.permission.DELETE_PACKAGES {True, False}
android.permission.ACCESS_CHECKIN_PROPERTIES {True, False}
net.jjc1138.android.scrobbler.privateservices {True, False}
android.permission.DOWNLOAD_WITHOUT_NOTIFICATION {True, False}
android.permission.RECEIVE_BOOT_COMPLETED {True, False}
com.google.android.gtalkservice.permission.GTALK_SERVICE {True, False}
android.permission.VIBRATE {True, False}
android.permission.DIAGNOSTIC {True, False}
android.permission.RECEIVE_SMS {True, False}
android.permission.CALL_PHONE {True, False}
android.permission.FLASHLIGHT {True, False}
android.permission.READ_PHONE_STATE {True, False}
android.permission.CHANGE_COMPONENT_ENABLED_STATE {True, False}
android.permission.BRICK {True, False}
com.motorola.launcher.permission.INSTALL_SHORTCUT {True, False}
com.google.android.googleapps.permission.GOOGLE_AUTH.talk {True, False}
android.permission.ACCESS_SUPERUSER {True, False}
com.androzic.permission.RECEIVE_LOCATION {True, False}
android.permission.BROADCAST_SMS {True, False}
de.shandschuh.sparserss.WRITEFEEDS {True, False}
android.permission.KILL_BACKGROUND_PROCESSES {True, False}
android.permission.READ_MEDIA_STORAGE {True, False}
android.permission.SUBSCRIBED_FEEDS_WRITE {True, False}
android.permission.CAMERA {True, False}
android.permission.RECEIVE_MMS {True, False}
android.permission.WAKE_LOCK {True, False}
android.permission.ACCESS_DOWNLOAD_MANAGER {True, False}
com.androzic.permission.RECEIVE_TRACK {True, False}
android.permission.DELETE_CACHE_FILES {True, False}
android.permission.READ_PHONE {True, False}
android.permission.RESTART_PACKAGES {True, False}
com.google.android.googleapps.permission.GOOGLE_AUTH {True, False}
android.permission.GET_ACCOUNTS {True, False}
android.permission.SUBSCRIBED_FEEDS_READ {True, False}
android.permission.CHANGE_NETWORK_STATE {True, False}
android.permission.READ_SYNC_SETTINGS {True, False}
android.permission.DISABLE_KEYGUARD {True, False}
com.android.launcher.permission.UNINSTALL_SHORTCUT {True, False}
android.permission.USE_CREDENTIALS {True, False}
android.permission.ACCESS_CACHE_FILESYSTEM {True, False}
android.permission.READ_USER_DICTIONARY {True, False}
android.permission.WRITE_OWNER_DATA {True, False}
android.permission.WRITE_MEDIA_STORAGE {True, False}
com.motorola.dlauncher.permission.READ_SETTINGS {True, False}
org.projectmaxs.permission.USE_OUTGOING_FILETRANSFER_SERVICE {True, False}
android.permission.ACCESS_COARSE_LOCATION {True, False}
org.gnucash.android.permission.CREATE_ACCOUNT {True, False}
com.mominis.permission.preferences.provider.READ_WRITE {True, False}
com.android.email.permission.READ_ATTACHMENT {True, False}
com.androzic.permission.NAVIGATION {True, False}
android.permission.BACKUP {True, False}
com.lge.launcher.permission.READ_SETTINGS {True, False}
android.permission.EXPAND_STATUS_BAR {True, False}
android.permission.BLUETOOTH_ADMIN {True, False}
android.permission.ACCESS_FINE_LOCATION {True, False}
android.permission.PERSISTENT_ACTIVITY {True, False}
org.servalproject.rhizome.RECEIVE_FILE {True, False}
android.permission.SET_ALARM {True, False}
at.tomtasche.reader.DOCUMENT_CHANGED {True, False}
android.permission.RECEIVE_WAP_PUSH {True, False}
com.google.android.c2dm.permission.RECEIVE {True, False}
archos.permission.FULLSCREEN.FULL {True, False}
org.projectmaxs.permission.USE_FILEWRITE {True, False}
android.permission.SET_WALLPAPER {True, False}
android.permission.READ_CALL_LOG {True, False}
android.permission.BROADCAST_PACKAGE_REMOVED {True, False}
org.projectmaxs.permission.USE_MAIN_AS_TRANSPORT {True, False}
android.permission.COARSE_FINE_LOCATION {True, False}
android.permission.SET_ALWAYS_FINISH {True, False}
org.projectmaxs.permission.USE_INCOMING_FILETRANSFER_SERVICE {True, False}
android.permission.WRITE_EXTERNAL_STORAGE {True, False}
android.permission.GET_PACKAGE_SIZE {True, False}
com.google.android.apps.googlevoice.permission.RECEIVE_SMS {True, False}
android.permission.READ_EXTERNAL_STORAGE {True, False}
android.permission.INSTALL_PACKAGES {True, False}
android.permission.AUTHENTICATE_ACCOUNTS {True, False}
org.mariotaku.twidere.READ_DATABASES {True, False}
info.guardianproject.otr.app.providers.imps.permission.WRITE_ONLY {True, False}
com.android.alarm.permission.SET_ALARM {True, False}
android.permission.INTERNAL_SYSTEM_WINDOW {True, False}
android.permission.CLEAR_APP_CACHE {True, False}
com.cyanogenmod.filemanager.permissions.READ_THEME {True, False}
android.permission.MODIFY_AUDIO_SETTINGS {True, False}
android.permission.SET_ORIENTATION {True, False}
android.permission.SET_ACTIVITY_WATCHER {True, False}
org.mozilla.firefox.permissions.PASSWORD_PROVIDER {True, False}
android.permission.READ_SMS {True, False}
android.permission.BATTERY_STATS {True, False}
android.permission.GLOBAL_SEARCH {True, False}
org.thialfihar.android.apg.permission.READ_KEY_DETAILS {True, False}
com.fede.launcher.permission.READ_SETTINGS {True, False}
org.adw.launcher.permission.READ_SETTINGS {True, False}
org.mariotaku.twidere.ACCESS_SERVICE {True, False}
android.permission.REORDER_TASKS {True, False}
org.adw.launcher.permission.WRITE_SETTINGS {True, False}
org.mozilla.firefox.permission.PER_ANDROID_PACKAGE {True, False}
android.permission.ACCESS_DRM {True, False}
info.guardianproject.otr.app.im.permission.IM_SERVICE {True, False}
com.fsck.k9.permission.READ_ATTACHMENT {True, False}
android.permission.BROADCAST_STICKY {True, False}
android.permission.MOUNT_UNMOUNT_FILESYSTEMS {True, False}
com.sec.android.provider.logsprovider.permission.WRITE_LOGS {True, False}
com.fsck.k9.permission.REMOTE_CONTROL integer
TDAT integer
PEG integer
DB integer
PEM integer
OBJ integer
KL integer
KO integer
BITBASE integer
UCLS integer
CONF integer
BZ2 integer
ORIG integer
DICT integer
INFO-6 integer
PROVIDERS integer
GRAPH integer
NT integer
LVL integer
JAR integer
RAW integer
PTC integer
CRT integer
PATTERN integer
ORIGINAL integer
INFO integer
ALIAS integer
MPL integer
OPML integer
GUI integer
PUZ integer
JA integer
XWD integer
LGPL integer
INT integer
PSPIMAGE integer
TTF integer
T integer
BMP integer
BLEND integer
JS integer
SAMPLE_JAVA integer
BC integer
CFG integer
JAVA-RENDERING integer
PLUGIN integer
PHP integer
NEW integer
ICS integer
CSV integer
CSS integer
MSG integer
TGA integer
OTF integer
PDN integer
ICO integer
RS integer
PDB integer
PDF integer
SH integer
ZIM integer
IN integer
PROPERTIES integer
CHT integer
KML integer
IDL integer
CPT integer
JPG integer
KDBX integer
XML integer
ICU integer
ATLAS integer
IT integer
HTM integer
TBL integer
LUA integer
JAVAFILES integer
PROTO integer
XSPF integer
MTL integer
DEY integer
DEX integer
XM integer
PRO integer
PZX integer
FB2 integer
TMPL integer
SO integer
MARKDOWN integer
SF integer
BKS integer
ACT integer
ARSC integer
DTD integer
ANKI integer
SPP integer
VRT integer
PIECE_SET integer
ACAL integer
MBM integer
LICENSE integer
PROPERTIES-PROD integer
WINMASKS integer
LNG integer
HTML integer
TMX integer
APK integer
WIKI integer
ADK integer
ESCAPED integer
PROVIDER integer
DEFAULT integer
PO integer
REJ integer
WNIN integer
DSA integer
RES integer
VM integer
OWL integer
INFO-1 integer
BAK integer
FB integer
GIF integer
WOFF integer
PROPERTIES-UAT integer
AUT integer
MOD integer
PUB integer
BRK integer
JARDESC integer
LIF integer
INFO-4 integer
0 integer
1 integer
2 integer
INFO-5 integer
XCF integer
XHTML integer
FRG integer
XSL integer
CTD integer
COW integer
LESSER_024 integer
INI integer
ARR integer
BINARY integer
ZT1 integer
EXPORT integer
H integer
MANIFEST integer
JAD integer
MESH integer
M integer
AD integer
AJ integer
JSON integer
C integer
D integer
RLE integer
G integer
WAV integer
JAV integer
Z integer
SVGZ integer
RSA integer
HEX integer
TXT integer
PSD integer
P integer
OUT integer
OGG integer
MIDI integer
OGA integer
PATCH integer
KDB integer
PLIST integer
SQL integer
FNT integer
MF integer
ODT integer
MD integer
GFS integer
ENT integer
MO integer
STATIC integer
IMG integer
AFM integer
S3M integer
IDX integer
FT2 integer
TMP integer
HMB integer
GNAURAL integer
PGT integer
SVG integer
BIN integer
JPEG integer
DAT integer
POT integer
MID integer
COFFEE integer
PROPS integer
PGF integer
ZIP integer
PVR integer
GCM integer
EOF integer
GPG integer
SFD integer
MAP integer
LESSER integer
SQLITE integer
DIC integer
JSM integer
MP3 integer
JSO integer
BACKUP integer
EOT integer
INFO-2 integer
INFO-3 integer
XSD integer
CUR integer
INFO-7 integer
LEVEL integer
TEMP integer
PNG integer
CFU integer
SER integer
JAVA-E integer
REGINFO integer
NAMESERVICEDESCRIPTOR integer
KEY integer
LST integer
NRM integer
EXAMPLE integer
CFF integer
SWF integer
NKI integer
BBS integer
JAVA integer
MP4 integer
getDeviceId integer
getCellLocation integer
setFlags integer
addFlags integer
setDataAndType integer
putExtra integer
init integer
query integer
insert integer
update integer
writeBytes integer
write integer
append integer
indexOf integer
substring integer
startService integer
getFilesDir integer
openFileOutput integer
getApplicationInfo integer
getRunningServices integer
getMemoryInfo integer
restartPackage integer
getInstalledPackages integer
sendTextMessage integer
getSubscriberId integer
getLine1Number integer
getSimSerialNumber integer
getNetworkOperator integer
loadClass integer
loadLibrary integer
exec integer
getNetworkInfo integer
getExtraInfo integer
getTypeName integer
isConnected integer
getState integer
setWifiEnabled integer
getWifiState integer
setRequestMethod integer
getInputStream integer
getOutputStream integer
sendMessage integer
obtainMessage integer
myPid integer
killProcess integer
readLines integer
available integer
delete integer
exists integer
mkdir integer
ListFiles integer
getBytes integer
valueOf integer
replaceAll integer
schedule integer
cancel integer
read integer
close integer
getNextEntry integer
closeEntry integer
getInstance integer
doFinal integer
DESKeySpec integer
getDocumentElement integer
getElementByTagName integer
getAttribute integer
DEXLEN integer
PACKLEN integer
FILENO integer
ACTNO integer
SERVICENO integer
PROVIDERNO integer
CRYPTO integer
TELEPHONY integer
NET {True, False}
DYN_CODE {True, False}
NATIVE_CODE {True, False}
REFLECTION integer
CLASSES integer
METHODS integer
FIELDS integer